{"cameraMode":{"drawMode":0,"name":"Shaded","section":"Shading Mode"},"sceneLighting":false,"audioPlay":false,"sceneViewState":{"showFog":true,"showMaterialUpdate":false,"showSkybox":false,"showFlares":true,"showImageEffects":true,"showParticleSystems":true,"showVisualEffectGraphs":true,"m_FxEnabled":true},"in2DMode":false,"pivot":{"x":-40.96829605102539,"y":13.385612487792969,"z":39.60150909423828},"rotation":{"x":0.021266218274831773,"y":0.038677822798490527,"z":-0.0012872832594439388,"w":0.999212920665741},"size":6.224778652191162,"orthographic":false}