{"cameraMode":{"drawMode":0,"name":"Shaded","section":"Shading Mode"},"sceneLighting":true,"audioPlay":false,"sceneViewState":{"showFog":true,"showMaterialUpdate":false,"showSkybox":true,"showFlares":true,"showImageEffects":true,"showParticleSystems":true,"showVisualEffectGraphs":true,"m_FxEnabled":true},"in2DMode":false,"pivot":{"x":36.48197937011719,"y":7.496410369873047,"z":11.907909393310547},"rotation":{"x":-0.08420434594154358,"y":-0.011361951008439064,"z":0.0009602046338841319,"w":-0.996383011341095},"size":16.958812713623048,"orthographic":false}