{"cameraMode":{"drawMode":0,"name":"Shaded","section":"Shading Mode"},"sceneLighting":false,"audioPlay":false,"sceneViewState":{"showFog":true,"showMaterialUpdate":false,"showSkybox":false,"showFlares":true,"showImageEffects":true,"showParticleSystems":true,"showVisualEffectGraphs":true,"m_FxEnabled":true},"in2DMode":false,"pivot":{"x":-4.9204888343811039,"y":-1.6622586250305176,"z":40.68010330200195},"rotation":{"x":0.05868152901530266,"y":-0.06468336284160614,"z":0.0033430587500333788,"w":0.9963638186454773},"size":3.37381911277771,"orthographic":false}