{"cameraMode":{"drawMode":0,"name":"Shaded","section":"Shading Mode"},"sceneLighting":false,"audioPlay":false,"sceneViewState":{"showFog":true,"showMaterialUpdate":false,"showSkybox":false,"showFlares":true,"showImageEffects":true,"showParticleSystems":true,"showVisualEffectGraphs":true,"m_FxEnabled":true},"in2DMode":false,"pivot":{"x":-4.460000038146973,"y":-2.9410762786865236,"z":40.065093994140628},"rotation":{"x":0.021266218274831773,"y":0.038677822798490527,"z":-0.0012872832594439388,"w":0.999212920665741},"size":5.98129415512085,"orthographic":false}