{"cameraMode":{"drawMode":0,"name":"Shaded","section":"Shading Mode"},"sceneLighting":false,"audioPlay":false,"sceneViewState":{"showFog":true,"showMaterialUpdate":false,"showSkybox":false,"showFlares":true,"showImageEffects":true,"showParticleSystems":true,"showVisualEffectGraphs":true,"m_FxEnabled":true},"in2DMode":false,"pivot":{"x":25.386829376220704,"y":-5.170361518859863,"z":39.484580993652347},"rotation":{"x":0.025914764031767846,"y":0.9692440629005432,"z":0.11355441808700562,"w":-0.21817180514335633},"size":1.838484764099121,"orthographic":false}