{"cameraMode":{"drawMode":0,"name":"Shaded","section":"Shading Mode"},"sceneLighting":false,"audioPlay":false,"sceneViewState":{"showFog":true,"showMaterialUpdate":false,"showSkybox":false,"showFlares":true,"showImageEffects":true,"showParticleSystems":true,"showVisualEffectGraphs":true,"m_FxEnabled":true},"in2DMode":false,"pivot":{"x":-27.071937561035158,"y":-6.920000076293945,"z":39.529998779296878},"rotation":{"x":-0.12144961208105087,"y":-0.030352896079421045,"z":0.0038015355821698906,"w":-0.992225706577301},"size":2.598076105117798,"orthographic":false}