{"cameraMode":{"drawMode":0,"name":"Shaded","section":"Shading Mode"},"sceneLighting":false,"audioPlay":false,"sceneViewState":{"showFog":true,"showMaterialUpdate":false,"showSkybox":false,"showFlares":true,"showImageEffects":true,"showParticleSystems":true,"showVisualEffectGraphs":true,"m_FxEnabled":true},"in2DMode":false,"pivot":{"x":0.31779149174690249,"y":-4.567107677459717,"z":7.890565872192383},"rotation":{"x":0.09163857251405716,"y":-0.0376829132437706,"z":0.0030105984769761564,"w":0.9952762722969055},"size":11.207155227661133,"orthographic":false}