{"cameraMode":{"drawMode":0,"name":"Shaded","section":"Shading Mode"},"sceneLighting":true,"audioPlay":false,"sceneViewState":{"showFog":true,"showMaterialUpdate":false,"showSkybox":true,"showFlares":true,"showImageEffects":true,"showParticleSystems":true,"showVisualEffectGraphs":true,"m_FxEnabled":true},"in2DMode":false,"pivot":{"x":-2.738811731338501,"y":0.23739278316497804,"z":38.85060119628906},"rotation":{"x":-0.04079808294773102,"y":0.0008457509102299809,"z":-0.0002005237474804744,"w":-0.9994714856147766},"size":34.3057975769043,"orthographic":false}