{"cameraMode":{"drawMode":0,"name":"Shaded","section":"Shading Mode"},"sceneLighting":true,"audioPlay":false,"sceneViewState":{"showFog":true,"showMaterialUpdate":false,"showSkybox":true,"showFlares":true,"showImageEffects":true,"showParticleSystems":true,"showVisualEffectGraphs":true,"m_FxEnabled":true},"in2DMode":false,"pivot":{"x":-0.8598005771636963,"y":6.756277084350586,"z":1.0159177780151368},"rotation":{"x":0.13319256901741029,"y":0.05462043732404709,"z":-0.007864730432629586,"w":0.9897415041923523},"size":7.427248954772949,"orthographic":false}