{"cameraMode":{"drawMode":0,"name":"Shaded","section":"Shading Mode"},"sceneLighting":true,"audioPlay":false,"sceneViewState":{"showFog":true,"showMaterialUpdate":false,"showSkybox":true,"showFlares":true,"showImageEffects":true,"showParticleSystems":true,"showVisualEffectGraphs":true,"m_FxEnabled":true},"in2DMode":false,"pivot":{"x":-3.9451346397399904,"y":3.7251243591308595,"z":-0.5141820907592773},"rotation":{"x":0.2855258584022522,"y":-0.10655850917100907,"z":0.031415630131959918,"w":0.9521049857139587},"size":4.401352882385254,"orthographic":false}