{"cameraMode":{"drawMode":0,"name":"Shaded","section":"Shading Mode"},"sceneLighting":true,"audioPlay":false,"sceneViewState":{"showFog":true,"showMaterialUpdate":false,"showSkybox":true,"showFlares":true,"showImageEffects":true,"showParticleSystems":true,"showVisualEffectGraphs":true,"m_FxEnabled":true},"in2DMode":false,"pivot":{"x":-25.041519165039064,"y":3.3195648193359377,"z":94.04182434082031},"rotation":{"x":0.09465303272008896,"y":0.016087708994746209,"z":-0.001890641637146473,"w":0.9955313205718994},"size":39.05483627319336,"orthographic":false}