{"cameraMode":{"drawMode":0,"name":"Shaded","section":"Shading Mode"},"sceneLighting":true,"audioPlay":false,"sceneViewState":{"showFog":true,"showMaterialUpdate":false,"showSkybox":true,"showFlares":true,"showImageEffects":true,"showParticleSystems":true,"showVisualEffectGraphs":true,"m_FxEnabled":true},"in2DMode":false,"pivot":{"x":1.8280255794525147,"y":-4.7626848220825199,"z":114.07845306396485},"rotation":{"x":0.007205026689916849,"y":0.014355458319187165,"z":0.000051966606406494975,"w":-1.0001786947250367},"size":57.92711639404297,"orthographic":false}