{"cameraMode":{"drawMode":0,"name":"Shaded","section":"Shading Mode"},"sceneLighting":true,"audioPlay":false,"sceneViewState":{"showFog":true,"showMaterialUpdate":false,"showSkybox":true,"showFlares":true,"showImageEffects":true,"showParticleSystems":true,"showVisualEffectGraphs":true,"m_FxEnabled":true},"in2DMode":false,"pivot":{"x":0.35128021240234377,"y":-22.359909057617189,"z":187.97891235351563},"rotation":{"x":0.0781085416674614,"y":0.047485772520303729,"z":-0.004487250000238419,"w":0.9960118532180786},"size":90.13878631591797,"orthographic":false}