{"cameraMode":{"drawMode":0,"name":"Shaded","section":"Shading Mode"},"sceneLighting":true,"audioPlay":false,"sceneViewState":{"showFog":true,"showMaterialUpdate":false,"showSkybox":true,"showFlares":true,"showImageEffects":true,"showParticleSystems":true,"showVisualEffectGraphs":true,"m_FxEnabled":true},"in2DMode":false,"pivot":{"x":-12.116352081298829,"y":6.07332181930542,"z":57.5601806640625},"rotation":{"x":0.021266218274831773,"y":0.038677822798490527,"z":-0.0012872832594439388,"w":0.999212920665741},"size":27.60763168334961,"orthographic":false}