{"cameraMode":{"drawMode":0,"name":"Shaded","section":"Shading Mode"},"sceneLighting":true,"audioPlay":false,"sceneViewState":{"showFog":true,"showMaterialUpdate":false,"showSkybox":true,"showFlares":true,"showImageEffects":true,"showParticleSystems":true,"showVisualEffectGraphs":true,"m_FxEnabled":true},"in2DMode":false,"pivot":{"x":-10.257165908813477,"y":-0.05858135223388672,"z":43.16408920288086},"rotation":{"x":-0.033171553164720538,"y":-0.10993167757987976,"z":0.003025190671905875,"w":-0.9937342405319214},"size":26.254478454589845,"orthographic":false}