{"cameraMode":{"drawMode":0,"name":"Shaded","section":"Shading Mode"},"sceneLighting":true,"audioPlay":false,"sceneViewState":{"showFog":true,"showMaterialUpdate":false,"showSkybox":true,"showFlares":true,"showImageEffects":true,"showParticleSystems":true,"showVisualEffectGraphs":true,"m_FxEnabled":true},"in2DMode":false,"pivot":{"x":-0.8584194183349609,"y":0.8998661041259766,"z":49.353919982910159},"rotation":{"x":-0.10203705728054047,"y":-0.054426711052656177,"z":0.00494838273152709,"w":-0.9936312437057495},"size":28.994853973388673,"orthographic":false}