{"cameraMode":{"drawMode":0,"name":"Shaded","section":"Shading Mode"},"sceneLighting":true,"audioPlay":false,"sceneViewState":{"showFog":true,"showMaterialUpdate":false,"showSkybox":true,"showFlares":true,"showImageEffects":true,"showParticleSystems":true,"showVisualEffectGraphs":true,"m_FxEnabled":true},"in2DMode":false,"pivot":{"x":-31.101024627685548,"y":21.597501754760743,"z":95.42150115966797},"rotation":{"x":-0.01769132725894451,"y":-0.021299218758940698,"z":-0.0007368753431364894,"w":0.9997685551643372},"size":40.81230545043945,"orthographic":false}