{"cameraMode":{"drawMode":0,"name":"Shaded","section":"Shading Mode"},"sceneLighting":true,"audioPlay":false,"sceneViewState":{"showFog":true,"showMaterialUpdate":false,"showSkybox":true,"showFlares":true,"showImageEffects":true,"showParticleSystems":true,"showVisualEffectGraphs":true,"m_FxEnabled":true},"in2DMode":false,"pivot":{"x":0.029264330863952638,"y":-5.537559509277344,"z":39.63629150390625},"rotation":{"x":0.06565888226032257,"y":-0.02009732648730278,"z":-0.0014899689704179764,"w":-0.997943639755249},"size":49.232398986816409,"orthographic":false}