{"cameraMode":{"drawMode":0,"name":"Shaded","section":"Shading Mode"},"sceneLighting":true,"audioPlay":false,"sceneViewState":{"showFog":true,"showMaterialUpdate":false,"showSkybox":true,"showFlares":true,"showImageEffects":true,"showParticleSystems":true,"showVisualEffectGraphs":true,"m_FxEnabled":true},"in2DMode":false,"pivot":{"x":-24.299152374267579,"y":6.830861568450928,"z":100.88180541992188},"rotation":{"x":0.019780822098255159,"y":0.023686887696385385,"z":-0.0010240433039143682,"w":0.9996993541717529},"size":44.81520080566406,"orthographic":false}