{"cameraMode":{"drawMode":0,"name":"Shaded","section":"Shading Mode"},"sceneLighting":true,"audioPlay":false,"sceneViewState":{"showFog":true,"showMaterialUpdate":false,"showSkybox":true,"showFlares":true,"showImageEffects":true,"showParticleSystems":true,"showVisualEffectGraphs":true,"m_FxEnabled":true},"in2DMode":false,"pivot":{"x":1.2024959325790406,"y":4.041632652282715,"z":37.78418731689453},"rotation":{"x":-0.057283543050289157,"y":-0.01565619185566902,"z":0.0003668234567157924,"w":-0.9985240697860718},"size":42.57466125488281,"orthographic":false}