{"cameraMode":{"drawMode":0,"name":"Shaded","section":"Shading Mode"},"sceneLighting":true,"audioPlay":false,"sceneViewState":{"showFog":true,"showMaterialUpdate":false,"showSkybox":true,"showFlares":true,"showImageEffects":true,"showParticleSystems":true,"showVisualEffectGraphs":true,"m_FxEnabled":true},"in2DMode":false,"pivot":{"x":2.957914113998413,"y":12.55824089050293,"z":38.64708709716797},"rotation":{"x":-0.03930060565471649,"y":-0.021656328812241555,"z":0.0003201545332558453,"w":-0.9992815852165222},"size":50.870784759521487,"orthographic":false}