{"cameraMode":{"drawMode":0,"name":"Shaded","section":"Shading Mode"},"sceneLighting":false,"audioPlay":false,"sceneViewState":{"showFog":true,"showMaterialUpdate":false,"showSkybox":false,"showFlares":true,"showImageEffects":true,"showParticleSystems":true,"showVisualEffectGraphs":true,"m_FxEnabled":true},"in2DMode":false,"pivot":{"x":-13.393552780151368,"y":7.584941864013672,"z":56.929832458496097},"rotation":{"x":0.23220059275627137,"y":0.004007098264992237,"z":-0.0012974814744666219,"w":0.9728542566299439},"size":15.762167930603028,"orthographic":false}